COD.MUN|MUNICIPI|DTE.|SECCIÓ|SUB.|MESA|COMPREN ELS ELECTORS|LOCALS EN QUE SE CELEBRA LA VOTACIÓ|DIRECCIÓ
25001|ABELLA DE LA CONCA|01|001||U|A Z|EDIFICI MUNICIPAL|CARRER ESPIGUET, S/N
25002|AGER|01|001||U|A Z|AJUNTAMENT D'AGER|PLAÇA MAJOR, 1
25003|AGRAMUNT|01|001||U|A Z|COL·LEGI PUBLIC MACIA COMPANYS|AV D'AGUSTI ROS, 3
25003|AGRAMUNT|01|002||U|A Z|COL·LEGI PUBLIC MACIA COMPANYS|AV D'AGUSTI ROS, 3
25003|AGRAMUNT|01|003||A|A K|COL·LEGI PUBLIC MACIA COMPANYS|AV D'AGUSTI ROS, 3
25003|AGRAMUNT|01|003||B|L Z|COL·LEGI PUBLIC MACIA COMPANYS|AV D'AGUSTI ROS, 3
25003|AGRAMUNT|01|004||A|A K|COL·LEGI PUBLIC MACIA COMPANYS|AV D'AGUSTI ROS, 3
25003|AGRAMUNT|01|004||B|L Z|COL·LEGI PUBLIC MACIA COMPANYS|AV D'AGUSTI ROS, 3
25004|AITONA|01|001||U|A Z|SALA ANNEXA AL POLIESPORTIU|CARRER JOAN XXIII, 30
25005|AITONA|01|002||U|A Z|LLAR DELS JUBILATS|CARRER JOAN XXIII, 30
25006|ALAMUS (ELS)|01|001||U|A Z|VESTIBUL DEL CASAL SOCIAL, PORTA PRINCIPAL|PLAÇA SANT MARTI, 1
25007|ALAS I CERC|01|001||U|A Z|AJUNTAMENT D'ALAS I CERC|CARRER MAJOR, 10 -ALAS-
25008|ALBAGES (L')|01|001||U|A Z|AJUNTAMENT|CARRER SANTIAGO ROSSINYOL, 9
25009|ALBATARREC|01|001||A|A K|CASAL CULTURAL|CARRER DOCTOR ROBERT, 51
25009|ALBATARREC|01|001||B|L Z|CASAL CULTURAL|CARRER DOCTOR ROBERT, 51
25010|ALBESA|01|001||A|A K|COL·LEGI ALBER|CARRER FERMI PALAU, S/N
25010|ALBESA|01|001||B|L Z|COL·LEGI ALBER|CARRER FERMI PALAU, S/N
25011|ALBI (L')|01|001||U|A Z|AJUNTAMENT PLANTA BAIXA|CARRER ABEURADOR, 1
25012|ALCANO|01|001||U|A Z|SALA D'ACTES DE L'AJUNTAMENT|CARRER MAJOR, 13
25013|ALCARRAS|01|001||A|A K|CENTRE CULTURAL MUNICIPAL|CARRER MAJOR, 84
25013|ALCARRAS|01|001||B|L Z|CENTRE CULTURAL MUNICIPAL|CARRER MAJOR, 84
25013|ALCARRAS|01|002||A|A K|CENTRE CULTURAL MUNICIPAL|CARRER MAJOR, 84
25013|ALCARRAS|01|002||B|L Z|CENTRE CULTURAL MUNICIPAL|CARRER MAJOR, 84
25013|ALCARRAS|01|003||U|A Z|CENTRE CULTURAL MUNICIPAL|CARRER MAJOR, 84
25013|ALCARRAS|01|004||A|A K|CENTRE CULTURAL MUNICIPAL|CARRER MAJOR, 84
25013|ALCARRAS|01|004||B|L Z|CENTRE CULTURAL MUNICIPAL|CARRER MAJOR, 84
25014|ALCOLETGE|01|001||A|A L|VESTIBUL DE LA CASA DE LA VILA|CARRER SITJAR, 2
25014|ALCOLETGE|01|001||B|M Z|VESTIBUL DE LA CASA DE LA VILA|CARRER SITJAR, 2
25015|ALCOLETGE|01|002||U|A Z|SALA D'EXPOSICIONS, CASA DE LA VILA|CARRER NOU, 1
25016|ALFARRAS|01|001||A|A K|SALA DE PLENS DE L'AJUNTAMENT|AV DE CATALUNYA, 16
25016|ALFARRAS|01|001||B|L Z|SALA DE PLENS DE L'AJUNTAMENT|AV DE CATALUNYA, 16
25016|ALFARRAS|01|002||U|A Z|SALA DE PLENS DE L'AJUNTAMENT|AV DE CATALUNYA, 16
25017|ALFES|01|001||U|A Z|CASA CONSISTORIAL|PLAÇA LA BASSA, 10
25018|ALGERRI|01|001||U|A Z|COL·LEGI SANT BLAI|CTRA BALAGUER, S/N
25019|ALGUAIRE|01|001||A|A L|CAMERA AGRARIA|CARRER PATI, 10
25019|ALGUAIRE|01|001||B|M Z|CAMERA AGRARIA|CARRER PATI, 10
25020|ALGUAIRE|01|002||A|A L|CASA SOCIO CULTURAL|PLAÇA PERETO, 1
25020|ALGUAIRE|01|002||B|M Z|CASA SOCIO CULTURAL|PLAÇA PERETO, 1
25021|ALINS|01|001||U|A Z|SALO D'ALINS - EDIFICI AJUNTAMENT|PLAÇA AJUNTAMENT, S/N
25022|ALMACELLES|01|001||U|A Z|CASAL MUNICIPAL|CARRER MAJOR, 36
25022|ALMACELLES|01|002||A|A K|CASAL MUNICIPAL|CARRER MAJOR, 36
25022|ALMACELLES|01|002||B|L Z|CASAL MUNICIPAL|CARRER MAJOR, 36
25022|ALMACELLES|02|001||U|A Z|CASAL MUNICIPAL|CARRER MAJOR, 36
25023|ALMACELLES|02|002||A|A K|COL·LEGI PUBLIC|PLAÇA ENSENYANÇA, 4
25023|ALMACELLES|02|002||B|L Z|COL·LEGI PUBLIC|PLAÇA ENSENYANÇA, 4
25024|ALMATRET|01|001||U|A Z|SALA PLANTA BAIXA AJUNTAMENT|CARRER MAJOR, 2
25025|ALMENAR|01|001||U|A Z|ESCOLA D'ALMENAR|CARRER ESCOLES, 1
25025|ALMENAR|02|001||A|A L|ESCOLA D'ALMENAR|CARRER ESCOLES, 1
25025|ALMENAR|02|001||B|M Z|ESCOLA D'ALMENAR|CARRER ESCOLES, 1
25025|ALMENAR|02|002||U|A Z|ESCOLA D'ALMENAR|CARRER ESCOLES, 1
25026|ALOS DE BALAGUER|01|001||U|A Z|CASAL SOCIAL|PLAÇA MAJOR, S/N
25027|ALPICAT|01|001||A|A K|SALA LA UNIO|CARRER LLEIDA, 22
25027|ALPICAT|01|001||B|L Z|SALA LA UNIO|CARRER LLEIDA, 22
25027|ALPICAT|01|002||A|A K|SALA LA UNIO|CARRER LLEIDA, 22
25027|ALPICAT|01|002||B|L Z|SALA LA UNIO|CARRER LLEIDA, 22
25027|ALPICAT|01|003||A|A K|SALA LA UNIO|CARRER LLEIDA, 22
25027|ALPICAT|01|003||B|L Z|SALA LA UNIO|CARRER LLEIDA, 22
25028|ALT ANEU|01|001||U|A Z|SALA D'ACTES DE L'AJUNTAMENT D'ALT ANEU|AVGDA DEL PORT DE LA BONAIGUA, 9 -VALENCIA D'ANEU-
25029|ANGLESOLA|01|001||A|A L|EDIFICI DEL COL·LEGI PUBLIC|AV CATALUNYA, 28
25029|ANGLESOLA|01|001||B|M Z|EDIFICI DEL COL·LEGI PUBLIC|AV CATALUNYA, 28
25030|ARBECA|01|001||U|A Z|LOCAL SOCIAL|PLAÇA UNIO REPUBLICANA, S/N
25030|ARBECA|01|002||U|A Z|LOCAL SOCIAL|PLAÇA UNIO REPUBLICANA, S/N
25031|ARRES|01|001||U|A Z|AJUNTAMENT DE ARRES-EDIFICI ESCOLES|CARRER MAJOR, S/N -ARRES DE JOS-
25032|ARSEGUEL|01|001||U|A Z|LOCAL SOCIAL|CARRER DOCTOR LLANGORT, 1
25033|ARTESA DE LLEIDA|01|001||A|A K|COL·LEGI PUBLIC "ELS TIL·LERS"|CARRER DE SANT RAMON, 12
25033|ARTESA DE LLEIDA|01|001||B|L Z|COL·LEGI PUBLIC "ELS TIL·LERS"|CARRER DE SANT RAMON, 12
25034|ARTESA DE SEGRE|01|001||A|A K|CENTRE D'ENTITATS LES MONGES|PLAÇA DE LA NACIO CATALANA, 2
25034|ARTESA DE SEGRE|01|001||B|L Z|CENTRE D'ENTITATS LES MONGES|PLAÇA DE LA NACIO CATALANA, 2
25034|ARTESA DE SEGRE|01|002||A|A L|CENTRE D'ENTITATS LES MONGES|PLAÇA DE LA NACIO CATALANA, 2
25034|ARTESA DE SEGRE|01|002||B|M Z|CENTRE D'ENTITATS LES MONGES|PLAÇA DE LA NACIO CATALANA, 2
25035|ASPA|01|001||U|A Z|SALA DE L'AJUNTAMENT|PLAÇA DE LA VILA, 8
25036|AVELLANES I SANTA LINYA (LES)|01|001||U|A Z|SALA D'ACTES DE L'AJUNTAMENT|CARRER BAIXADA ESGLESIA, 3 -LES AVELLANES-
25037|BAIX PALLARS|01|001||U|A Z|AJUNTAMENT - BAIXOS|CARRER SANT SEBASTIA, 1 -GERRI DE LA SAL-
25038|BALAGUER|01|001||U|A Z|AJUNTAMENT|PLAÇA MERCADAL, 1
25039|BALAGUER|01|002||U|A Z|ESCOLES LA NOGUERA|CTRA DE CASTELLO, S/N
25040|BALAGUER|02|001|01|A|A Z|EDIFICI LA PALLA VA CARA|CARRER PINTOR FBORRAS, 21
25041|BALAGUER|02|001|02|B|A Z|CENTRE OBERT LA NOGUERA|CARRER MONTERO, S/N
25042|BALAGUER|03|001||A|A K|GUARDERIA PATUFET|CARRER JACINT VERDAGUER, S/N
25042|BALAGUER|03|001||B|L Z|GUARDERIA PATUFET|CARRER JACINT VERDAGUER, S/N
25043|BALAGUER|03|002||U|A Z|EDIFICI IES CIUTAT DE BALAGUER|CARRER URGELL, 94
25044|BALAGUER|04|001||A|A K|HOSPITAL COMTE JAUME D'URGELL|AV PERE III, 1
25044|BALAGUER|04|001||B|L Z|HOSPITAL COMTE JAUME D'URGELL|AV PERE III, 1
25045|BALAGUER|04|002||A|A K|COL·LEGI GERMANES CARMELITES|CARRER PARE SANAHUJA, S/N
25045|BALAGUER|04|002||B|L Z|COL·LEGI GERMANES CARMELITES|CARRER PARE SANAHUJA, S/N
25046|BALAGUER|04|003||A|A K|COL·LEGI PARES ESCOLAPIS|CARRER BARCELONA, S/N
25046|BALAGUER|04|003||B|L Z|COL·LEGI PARES ESCOLAPIS|CARRER BARCELONA, S/N
25046|BALAGUER|04|004||A|A K|COL·LEGI PARES ESCOLAPIS|CARRER BARCELONA, S/N
25046|BALAGUER|04|004||B|L Z|COL·LEGI PARES ESCOLAPIS|CARRER BARCELONA, S/N
25047|BARBENS|01|001||U|A Z|BAIXOS AJUNTAMENT|PLAÇA L'ESGLESIA, 3
25048|BARONIA DE RIALB (LA)|01|001||U|A Z|AJUNTAMENT|CARRER MONESTIR, 1 -GUALTER-
25049|BASSELLA|01|001||U|A Z|AJUNTAMENT|CAL AJUNTAMENT, S/N
25050|BAUSEN|01|001||U|A Z|CASA ESCOLA DE BAUSEN|CARRER SANT ANTONI, 7
25051|BELIANES|01|001||U|A Z|AJUNTAMENT DE BELIANES|AJUNTAMENT, S/N
25052|BELL-LLOC D'URGELL|01|001||U|A Z|EDIFICI COSTERETA|PLAÇA CATALUNYA, 1
25053|BELL-LLOC D'URGELL|01|002||U|A Z|EDIFICI SALA CULTURAL|CARRER LA MINA, 12
25054|BELLAGUARDA|01|001||U|A Z|EDIFICI AJUNTAMENT|PLAÇA ESCOLES, 10
25055|BELLCAIRE D'URGELL|01|001||A|A L|COL·LEGI PUBLIC BONAVISTA|CARRER BONAVISTA, 26
25055|BELLCAIRE D'URGELL|01|001||B|M Z|COL·LEGI PUBLIC BONAVISTA|CARRER BONAVISTA, 26
25056|BELLMUNT D'URGELL|01|001||U|A Z|CASA CONSISTORIAL|CARRER MAJOR, 18
25057|BELLPUIG|01|001||A|A K|CASAL D'ENTITATS CASA CARME SERRA|PLAÇA SANT ROC, 23
25057|BELLPUIG|01|001||B|L Z|CASAL D'ENTITATS CASA CARME SERRA|PLAÇA SANT ROC, 23
25057|BELLPUIG|01|002||A|A L|CASAL D'ENTITATS CASA CARME SERRA|PLAÇA SANT ROC, 23
25057|BELLPUIG|01|002||B|M Z|CASAL D'ENTITATS CASA CARME SERRA|PLAÇA SANT ROC, 23
25057|BELLPUIG|01|003||U|A Z|CASAL D'ENTITATS CASA CARME SERRA|PLAÇA SANT ROC, 23
25058|BELLVER DE CERDANYA|01|001||A|A L|EDIFICI DEL CENTRE CIVIC|CARRER ESCOLES, 6
25058|BELLVER DE CERDANYA|01|001||B|M Z|EDIFICI DEL CENTRE CIVIC|CARRER ESCOLES, 6
25059|BELLVIS|01|001||A|A M|AJUNTAMENT|PLAÇA CATALUNYA, S/N
25060|BELLVIS|01|001||B|N Z|AJUNTAMENT|CARRER DOMENEC CARDENAL, 48
25061|BENAVENT DE SEGRIA|01|001||A|A L|AJUNTAMENT|PLAÇA AJUNTAMENT, 1
25061|BENAVENT DE SEGRIA|01|001||B|M Z|AJUNTAMENT|PLAÇA AJUNTAMENT, 1
25062|BIOSCA|01|001||U|A Z|ESCOLA PUBLICA SANTS ABDON I SENEN|CARRER CAMINOU, S/N
25063|BORDES (ES)|01|001||U|A Z|LOCAL DEL COL·LEGI PUBLIC D'ES BORDES|CARRER DERA LACA, 23
25064|BORGES BLANQUES (LES)|01|001||U|A Z|PAVELLO DE L'OLI|CARRER INDUSTRIA, 9
25064|BORGES BLANQUES (LES)|01|002||A|A K|PAVELLO DE L'OLI|CARRER INDUSTRIA, 9
25064|BORGES BLANQUES (LES)|01|002||B|L Z|PAVELLO DE L'OLI|CARRER INDUSTRIA, 9
25064|BORGES BLANQUES (LES)|02|001||A|A K|PAVELLO DE L'OLI|CARRER INDUSTRIA, 9
25064|BORGES BLANQUES (LES)|02|001||B|L Z|PAVELLO DE L'OLI|CARRER INDUSTRIA, 9
25064|BORGES BLANQUES (LES)|02|002||A|A K|PAVELLO DE L'OLI|CARRER INDUSTRIA, 9
25064|BORGES BLANQUES (LES)|02|002||B|L Z|PAVELLO DE L'OLI|CARRER INDUSTRIA, 9
25065|BOSSOST|01|001||U|A Z|COL·LEGI D'EDUCACIO INFANTIL|CARRER MARGALIDA, S/N
25066|BOVERA|01|001||U|A Z|AJUNTAMENT-PLANTA BAIXA (SALA JUBILATS)|CARRER MAJOR, 20
25067|CABANABONA|01|001||U|A Z|AJUNTAMENT-BAIXOS|CARRER VILALTA, 7
25068|CABO|01|001||U|A Z|CASA CONSISTORIAL|CARRER ESGLESIA, S/N
25069|CAMARASA|01|001||U|A Z|CASA DE LA VILA|PLAÇA MAJOR, 1
25070|CANEJAN|01|001||U|A Z|CASA CONSISTORIAL|PLAÇA DERA CRASTA, 5
25071|CASTELL DE MUR|01|001||U|A Z|CASA CONSISTORIAL - GUARDIA DE TREMP|CARRER CARME, 46 -GUARDIA DE NOGUERA-
25072|CASTELLAR DE LA RIBERA|01|001||U|A Z|AJUNTAMENT|CASA AJUNTAMENT, S/N
25073|CASTELLDANS|01|001||U|A Z|AJUNTAMENT - (VESTIBUL)|PG MORAGUES, 21
25074|CASTELLNOU DE SEANA|01|001||U|A Z|ESCOLA PUBLICA L'ESTEL|CARRER CALVARI, 1
25075|CASTELLO DE FARFANYA|01|001||U|A Z|COL·LEGI PUBLIC STAMARIA|PLAÇA SANT ANTONI, 1
25076|CASTELLSERA|01|001||U|A Z|AJUNTAMENT (LLAR DEL JUBILAT)|AV CATALUNYA, 4
25077|CAVA|01|001||U|A Z|ANTIGUES ESCOLES MUNICIPALS D'ANSOVELL|PLAÇA ESGLESIA, S/N -ANSOVELL-
25078|CERVERA|01|001||U|A Z|BAIXOS AJUNTAMENT|PLAÇA MAJOR, 1
25079|CERVERA|02|001||A|A L|ESCOLES JAUME BALMES|PLAÇA PIUS XII, 1
25079|CERVERA|02|001||B|M Z|ESCOLES JAUME BALMES|PLAÇA PIUS XII, 1
25080|CERVERA|02|002||A|A K|ESCOLES MOSSEN JOSEP ARQUES|AV MIL·LENARI DE CATALUNYA, 22
25080|CERVERA|02|002||B|L Z|ESCOLES MOSSEN JOSEP ARQUES|AV MIL·LENARI DE CATALUNYA, 22
25081|CERVERA|02|003||U|A Z|ANTIGA CASERNA DE LA GUARDIA CIVIL|CARRER DUC D'AHUMADA, 2
25082|CERVERA|03|001||A|A K|INSTITUT DE FORMACIO PROFESSIONAL|AV FRANCESC MACIA, 15
25082|CERVERA|03|001||B|L Z|INSTITUT DE FORMACIO PROFESSIONAL|AV FRANCESC MACIA, 15
25083|CERVIA DE LES GARRIGUES|01|001||U|A Z|CASA CONSISTORIAL "SALA POLIVALENT"|CARRER PALAU, 1
25084|CIUTADILLA|01|001||U|A Z|AJUNTAMENT|PLAÇA MAJOR, 1
25085|CLARIANA DE CARDENER|01|001||U|A Z|LOCAL DE JOVENTUT|EDIF AJUNTAMENT, S/N
25086|COGUL (EL)|01|001||U|A Z|AJUNTAMENT|CARRER PLAÇA LA VILA, 4
25087|COLL DE NARGO|01|001||U|A Z|SALA D'ACTES|PLAÇA L'AJUNTAMENT, 1
25088|COMA I LA PEDRA (LA)|01|001||U|A Z|CASA CONSISTORIAL|PLAÇA AJUNTAMENT, 1 -LA COMA-
25089|CONCA DE DALT|01|001||U|A Z|OFICINES MUNICIPALS AJUNTAMENT|CARRER UNIC, S/N -EL PONT DE CLAVEROL-
25090|CORBINS|01|001||U|A Z|AJUNTAMENT (SALA D'ACTES)|PLAÇA DE LA VILA, S/N
25091|CUBELLS|01|001||U|A Z|COL·LEGI PUBLIC "SOL NAIXENT"|CARRER CARRETERA NOVA, S/N
25092|ESPLUGA CALBA (L')|01|001||U|A Z|AJUNTAMENT - PLANTA BAIXA|AV PAU CASALS, 15
25093|ESPOT|01|001||U|A Z|AJUNTAMENT - SALA D'ACTES|CARRER CARRETERA, S/N
25094|ESTAMARIU|01|001||U|A Z|AJUNTAMENT|AJUNTAMENT, S/N
25095|ESTARAS|01|001||U|A Z|AJUNTAMENT|PLAÇA MAJOR, 1
25096|ESTERRI D'ANEU|01|001||U|A Z|AJUNTAMENT|PLAÇA LA CLOSA, 1
25097|ESTERRI DE CARDOS|01|001||U|A Z|AJUNTAMENT|CARRER UNIC, S/N
25098|FARRERA|01|001||U|A Z|EDIFICI MUNICIPAL DE SERVEI DE BURG|PLAÇA ESCOLES, S/N -BURG-
25099|FIGOLS I ALINYA|01|001||U|A Z|EDIFICI AJUNTAMENT|PLAÇA DE L'ESGLESIA, S/N -FIGOLS-
25100|FLORESTA (LA)|01|001||U|A Z|LOCAL SOCIAL|CARRER SANT BLAI, 20
25101|FONDARELLA|01|001||U|A Z|LLAR DE JUBILATS - AJUNTAMENT|RBLA LA FONT, 26
25102|FORADADA|01|001||U|A Z|TELECLUB - AJUNTAMENT|PLAÇA MAJOR, 1
25103|FULIOLA (LA)|01|001||U|A Z|EDIFICI DE L'AJUNTAMENT|PLAÇA AJUNTAMENT, S/N
25104|FULLEDA|01|001||U|A Z|SALA DE L'AJUNTAMENT|CARRER EL FORN, 2
25105|GAVET DE LA CONCA|01|001||U|A Z|EDIFICI ANTIGUES ESCOLES DE GAVET|CARRER UNIC, S/N -GAVET-
25106|GIMENELLS I EL PLA DE LA FONT|01|001|01|A|A Z|ESCOLES GIMENELLS|CARRER LLEIDA, 6 -GIMENELLS-
25107|GIMENELLS I EL PLA DE LA FONT|01|001|02|B|A Z|ESCOLES PLA DE LA FONT|CARRER ESCOLES, 2 -PLA DE LA FONT-
25108|GOLMES|01|001||A|A L|CENTRE CIVIC - SALA DRBAIGET|CARRER MOTA, 2
25108|GOLMES|01|001||B|M Z|CENTRE CIVIC - SALA DRBAIGET|CARRER MOTA, 2
25109|GOSOL|01|001||U|A Z|SALA PLENS AJUNTAMENT|PLAÇA MAJOR, 1
25110|GRANADELLA (LA)|01|001||U|A Z|NOVES DEPENDENCIES CENTRE CIVIC|CARRER SUNYER, 16
25111|GRANJA D'ESCARP (LA)|01|001||U|A Z|BIBLIOTECA PUBLICA|PLAÇA NOVA, S/N
25112|GRANYANELLA|01|001||U|A Z|LOCAL SOCIAL DE FONOLLERES|AFORES, S/N -FONOLLERES-
25113|GRANYENA DE LES GARRIGUES|01|001||U|A Z|AJUNTAMENT|CARRER DEL PORTAL, 5
25114|GRANYENA DE SEGARRA|01|001||U|A Z|SALA D'ACTES DE L'AJUNTAMENT|PLAÇA SANT PERE, 11
25115|GUIMERA|01|001||U|A Z|OFICINA DE TURISME|CTRA TARREGA, 26
25116|GUINGUETA D'ANEU (LA)|01|001||U|A Z|EDIFICI AJUNTAMENT - BAIXOS|CARRER CARRETERA, S/N -LA GUINGUETA-
25117|GUISSONA|01|001||U|A Z|AJUNTAMENT DE GUISSONA (SALA DE PLENS)|PLAÇA DEL BISBE BENLLOCH, 1
25117|GUISSONA|01|002||A|A L|AJUNTAMENT DE GUISSONA (SALA DE PLENS)|PLAÇA DEL BISBE BENLLOCH, 1
25117|GUISSONA|01|002||B|M Z|AJUNTAMENT DE GUISSONA (SALA DE PLENS)|PLAÇA DEL BISBE BENLLOCH, 1
25117|GUISSONA|01|003||U|A Z|AJUNTAMENT DE GUISSONA (SALA DE PLENS)|PLAÇA DEL BISBE BENLLOCH, 1
25118|GUIXERS|01|001||U|A Z|AJUNTAMENT|CASA NOVA DE VALLS, S/N -VALLS-
25119|ISONA I CONCA DELLA|01|001|01|A|A Z|AJUNTAMENT|PLAÇA BISBE BADIA, 1 -ISONA-
25120|ISONA I CONCA DELLA|01|001|02|B|A Z|LOCAL DEL TELECLUB|PG DEL PRAT, S/N -FIGUEROLA D'ORCAU-
25121|IVARS D'URGELL|01|001||U|A Z|CENTRE CULTURAL I RECREATIU|PG FELIP RODES, 11
25121|IVARS D'URGELL|01|002||U|A Z|CENTRE CULTURAL I RECREATIU|PG FELIP RODES, 11
25122|IVARS DE NOGUERA|01|001||U|A Z|AJUNTAMENT|CARRER PERE, 1
25123|IVORRA|01|001||U|A Z|CENTRE SOCIAL|PLAÇA MAJOR, 1
25124|JOSA I TUIXEN|01|001||U|A Z|AJUNTAMENT DE JOSA I TUIXEN|PLAÇA SERRA DEL CADI, 1 -TUIXENT-
25125|JUNCOSA|01|001||U|A Z|AJUNTAMENT (SALA D'ACTES)|PLAÇA MAJOR, 6
25126|JUNEDA|01|001||A|A K|CEIP MANUEL ORTIZ DE JUNEDA|CARRER PRAT DE LA RIBA, S/N
25126|JUNEDA|01|001||B|L Z|CEIP MANUEL ORTIZ DE JUNEDA|CARRER PRAT DE LA RIBA, S/N
25126|JUNEDA|01|002||A|A L|CEIP MANUEL ORTIZ DE JUNEDA|CARRER PRAT DE LA RIBA, S/N
25126|JUNEDA|01|002||B|M Z|CEIP MANUEL ORTIZ DE JUNEDA|CARRER PRAT DE LA RIBA, S/N
25127|LLEIDA|01|001||A|A K|EDIFICI ANTIC DE L'AUDIENCIA|CARRER FERRAN RAMBLA, 13
25127|LLEIDA|01|001||B|L Z|EDIFICI ANTIC DE L'AUDIENCIA|CARRER FERRAN RAMBLA, 13
25128|LLEIDA|01|003||A|A L|C.E.I.P- PRINCEP DE VIANA|CARRER ANSELM CLAVE, 22
25128|LLEIDA|01|003||B|M Z|C.E.I.P- PRINCEP DE VIANA|CARRER ANSELM CLAVE, 22
25129|LLEIDA|01|004||A|A K|CENTRE CIVIC DE BALAFIA|CARRER TERRASSA, 1
25129|LLEIDA|01|004||B|L Z|CENTRE CIVIC DE BALAFIA|CARRER TERRASSA, 1
25130|LLEIDA|01|005||A|A K|C.E.I.P- GINESTA|CARRER ESCOLES, 2
25130|LLEIDA|01|005||B|L Z|C.E.I.P- GINESTA|CARRER ESCOLES, 2
25131|LLEIDA|01|006||A|A L|C.E.I.P- PARDINYES|CARRER ANASTASI PINOS, 33
25131|LLEIDA|01|006||B|M Z|C.E.I.P- PARDINYES|CARRER ANASTASI PINOS, 33
25132|LLEIDA|01|007||A|A F|INSTITUT E.SPARDINYES JOSEP LLADONOSA|PLAÇA MARIA RUBIES I GARROFE, 1
25132|LLEIDA|01|007||B|G O|INSTITUT E.SPARDINYES JOSEP LLADONOSA|PLAÇA MARIA RUBIES I GARROFE, 1
25132|LLEIDA|01|007||C|P Z|INSTITUT E.SPARDINYES JOSEP LLADONOSA|PLAÇA MARIA RUBIES I GARROFE, 1
25133|LLEIDA|01|008||A|A K|C.E.I.P- RIU SEGRE|AVGDA TORTOSA, 86
25133|LLEIDA|01|008||B|L Z|C.E.I.P- RIU SEGRE|AVGDA TORTOSA, 86
25128|LLEIDA|01|009||U|A Z|C.E.I.P- PRINCEP DE VIANA|CARRER ANSELM CLAVE, 22
25134|LLEIDA|01|010||A|A K|C.E.I.P- TERRES DE PONENT|AVGDA SANT PERE, 54
25134|LLEIDA|01|010||B|L Z|C.E.I.P- TERRES DE PONENT|AVGDA SANT PERE, 54
25132|LLEIDA|01|011||A|A L|INSTITUT E.SPARDINYES JOSEP LLADONOSA|PLAÇA MARIA RUBIES I GARROFE, 1
25132|LLEIDA|01|011||B|M Z|INSTITUT E.SPARDINYES JOSEP LLADONOSA|PLAÇA MARIA RUBIES I GARROFE, 1
25127|LLEIDA|01|012||U|A Z|EDIFICI ANTIC DE L'AUDIENCIA|CARRER FERRAN RAMBLA, 13
25133|LLEIDA|01|013||A|A K|C.E.I.P- RIU SEGRE|AVGDA TORTOSA, 86
25133|LLEIDA|01|013||B|L Z|C.E.I.P- RIU SEGRE|AVGDA TORTOSA, 86
25131|LLEIDA|01|014||A|A K|C.E.I.P- PARDINYES|CARRER ANASTASI PINOS, 33
25131|LLEIDA|01|014||B|L Z|C.E.I.P- PARDINYES|CARRER ANASTASI PINOS, 33
25135|LLEIDA|02|002||A|A K|CENTRE FORMACIO D'ADULTS SEGRIA|CARRER SANTA CECILIA, 1
25135|LLEIDA|02|002||B|L Z|CENTRE FORMACIO D'ADULTS SEGRIA|CARRER SANTA CECILIA, 1
25135|LLEIDA|02|003||U|A Z|CENTRE FORMACIO D'ADULTS SEGRIA|CARRER SANTA CECILIA, 1
25135|LLEIDA|02|004||A|A K|CENTRE FORMACIO D'ADULTS SEGRIA|CARRER SANTA CECILIA, 1
25135|LLEIDA|02|004||B|L Z|CENTRE FORMACIO D'ADULTS SEGRIA|CARRER SANTA CECILIA, 1
25136|LLEIDA|02|005||A|A K|C.E.I.P- FREDERIC GODAS|CARRER RIU BESOS, 5
25136|LLEIDA|02|005||B|L Z|C.E.I.P- FREDERIC GODAS|CARRER RIU BESOS, 5
25136|LLEIDA|02|006||U|A Z|C.E.I.P- FREDERIC GODAS|CARRER RIU BESOS, 5
25136|LLEIDA|02|007||A|A K|C.E.I.P- FREDERIC GODAS|CARRER RIU BESOS, 5
25136|LLEIDA|02|007||B|L Z|C.E.I.P- FREDERIC GODAS|CARRER RIU BESOS, 5
25136|LLEIDA|02|008||U|A Z|C.E.I.P- FREDERIC GODAS|CARRER RIU BESOS, 5
25136|LLEIDA|02|009||A|A K|C.E.I.P- FREDERIC GODAS|CARRER RIU BESOS, 5
25136|LLEIDA|02|009||B|L Z|C.E.I.P- FREDERIC GODAS|CARRER RIU BESOS, 5
25137|LLEIDA|03|001||U|A Z|CENTRE CIVIC DE L'ERETA|PLAÇA ERETA, 1
25138|LLEIDA|03|003||U|A Z|INSTITUT D'ESTUDIS ILERDENCS|PLAÇA CATEDRAL, 1
25139|LLEIDA|03|004||A|A L|COL·LEGI GERMANS MARISTES|AVGDA CATALUNYA, 3
25139|LLEIDA|03|004||B|M Z|COL·LEGI GERMANS MARISTES|AVGDA CATALUNYA, 3
25140|LLEIDA|03|005||U|A Z|INSTITUT E.SMARIUS TORRES|CARRER NARCIS MONTURIOL, 2
25141|LLEIDA|03|006||A|A K|EDIFICI ESCORXADOR (LOCAL AA.VV.)|PLAÇA L'ESCORXADOR, 1
25141|LLEIDA|03|006||B|L Z|EDIFICI ESCORXADOR (LOCAL AA.VV.)|PLAÇA L'ESCORXADOR, 1
25139|LLEIDA|03|007||U|A Z|COL·LEGI GERMANS MARISTES|AVGDA CATALUNYA, 3
25139|LLEIDA|03|008||U|A Z|COL·LEGI GERMANS MARISTES|AVGDA CATALUNYA, 3
25137|LLEIDA|04|001||A|A L|CENTRE CIVIC DE L'ERETA|PLAÇA ERETA, 1
25137|LLEIDA|04|001||B|M Z|CENTRE CIVIC DE L'ERETA|PLAÇA ERETA, 1
25142|LLEIDA|04|003||A|A K|UNIVERSITAT DE LLEIDA|CARRER MARAGALL, 20
25142|LLEIDA|04|003||B|L Z|UNIVERSITAT DE LLEIDA|CARRER MARAGALL, 20
25142|LLEIDA|04|004||U|A Z|UNIVERSITAT DE LLEIDA|CARRER MARAGALL, 20
25143|LLEIDA|04|005||U|A Z|COL·LEGI EPISCOPAL|CARRER DOCTOR COMBELLES, 38
25143|LLEIDA|04|006||A|A L|COL·LEGI EPISCOPAL|CARRER DOCTOR COMBELLES, 38
25143|LLEIDA|04|006||B|M Z|COL·LEGI EPISCOPAL|CARRER DOCTOR COMBELLES, 38
25144|LLEIDA|04|007||U|A Z|C.E.I.P- JOAN XXIII|AVGDA PIUS XII, 4
25144|LLEIDA|04|008||U|A Z|C.E.I.P- JOAN XXIII|AVGDA PIUS XII, 4
25145|LLEIDA|04|010||A|A L|C.E.I.P- SANTA MARIA DE GARDENY|CARRER ROSSINYOL, 2
25145|LLEIDA|04|010||B|M Z|C.E.I.P- SANTA MARIA DE GARDENY|CARRER ROSSINYOL, 2
25146|LLEIDA|04|011||A|A L|C.E.I.P- MAGI MORERA|PG ONZE DE SETEMBRE, 139
25146|LLEIDA|04|011||B|M Z|C.E.I.P- MAGI MORERA|PG ONZE DE SETEMBRE, 139
25146|LLEIDA|04|013||U|A Z|C.E.I.P- MAGI MORERA|PG ONZE DE SETEMBRE, 139
25146|LLEIDA|04|014||A|A L|C.E.I.P- MAGI MORERA|PG ONZE DE SETEMBRE, 139
25146|LLEIDA|04|014||B|M Z|C.E.I.P- MAGI MORERA|PG ONZE DE SETEMBRE, 139
25146|LLEIDA|04|015||A|A L|C.E.I.P- MAGI MORERA|PG ONZE DE SETEMBRE, 139
25146|LLEIDA|04|015||B|M Z|C.E.I.P- MAGI MORERA|PG ONZE DE SETEMBRE, 139
25141|LLEIDA|04|016||U|A Z|EDIFICI ESCORXADOR (LOCAL AA.VV.)|PLAÇA L'ESCORXADOR, 1
25144|LLEIDA|04|017||A|A K|C.E.I.P- JOAN XXIII|AVGDA PIUS XII, 4
25144|LLEIDA|04|017||B|L Z|C.E.I.P- JOAN XXIII|AVGDA PIUS XII, 4
25147|LLEIDA|05|002||U|A Z|SERVEI TERRITORIAL D'AGRICULTURA|CARRER CAMP DE MART, 35
25148|LLEIDA|05|003||U|A Z|DELEGACIO D'HISENDA|PLAÇA CERVANTES, 17
25149|LLEIDA|05|004||U|A Z|COL·LEGI DOMINIQUES|CARRER VALLCALENT, 40
25149|LLEIDA|05|005||U|A Z|COL·LEGI DOMINIQUES|CARRER VALLCALENT, 40
25150|LLEIDA|05|006||A|A K|C.E.I.P- JOC DE LA BOLA|CARRER SEGOVIA, 5
25150|LLEIDA|05|006||B|L Z|C.E.I.P- JOC DE LA BOLA|CARRER SEGOVIA, 5
25147|LLEIDA|05|007||U|A Z|SERVEI TERRITORIAL D'AGRICULTURA|CARRER CAMP DE MART, 35
25150|LLEIDA|05|008||U|A Z|C.E.I.P- JOC DE LA BOLA|CARRER SEGOVIA, 5
25149|LLEIDA|05|009||U|A Z|COL·LEGI DOMINIQUES|CARRER VALLCALENT, 40
25149|LLEIDA|05|010||U|A Z|COL·LEGI DOMINIQUES|CARRER VALLCALENT, 40
25150|LLEIDA|05|011||A|A K|C.E.I.P- JOC DE LA BOLA|CARRER SEGOVIA, 5
25150|LLEIDA|05|011||B|L Z|C.E.I.P- JOC DE LA BOLA|CARRER SEGOVIA, 5
25150|LLEIDA|05|012||U|A Z|C.E.I.P- JOC DE LA BOLA|CARRER SEGOVIA, 5
25151|LLEIDA|06|001|01|A|A Z|DIPUTACIO PROVINCIAL|CARRER CARME, 26
25152|LLEIDA|06|001|02|B|A Z|COL·LEGI LESTONAC-L'ENSENYANÇA|AVGDA PRAT DE LA RIBA, 38
25153|LLEIDA|06|002||A|A K|INSTITUT E.S- ESCOLA DEL TREBALL|CARRER PI I MARGALL, 51
25153|LLEIDA|06|002||B|L Z|INSTITUT E.S- ESCOLA DEL TREBALL|CARRER PI I MARGALL, 51
25153|LLEIDA|06|003||A|A K|INSTITUT E.S- ESCOLA DEL TREBALL|CARRER PI I MARGALL, 51
25153|LLEIDA|06|003||B|L Z|INSTITUT E.S- ESCOLA DEL TREBALL|CARRER PI I MARGALL, 51
25154|LLEIDA|06|004||A|A K|C.E.I.P- SANT JOSEP DE CALASANZ|CARRER PAU CLARIS, 5
25154|LLEIDA|06|004||B|L Z|C.E.I.P- SANT JOSEP DE CALASANZ|CARRER PAU CLARIS, 5
25155|LLEIDA|06|005||U|A Z|SERVEI CATALA DE LA SALUT|AVGDA ALCALDE ROVIRA ROURE, 2
25156|LLEIDA|06|006||U|A Z|C.E.I.P- BALAFIA|CARRER VALLS D'ANDORRA, 20
25129|LLEIDA|06|007||A|A K|CENTRE CIVIC DE BALAFIA|CARRER TERRASSA, 1
25129|LLEIDA|06|007||B|L Z|CENTRE CIVIC DE BALAFIA|CARRER TERRASSA, 1
25129|LLEIDA|06|009||A|A L|CENTRE CIVIC DE BALAFIA|CARRER TERRASSA, 1
25129|LLEIDA|06|009||B|M Z|CENTRE CIVIC DE BALAFIA|CARRER TERRASSA, 1
25153|LLEIDA|06|010||U|A Z|INSTITUT E.S- ESCOLA DEL TREBALL|CARRER PI I MARGALL, 51
25157|LLEIDA|06|011||U|A Z|FACULTAT DE MEDICINA|CARRER MONTSERRAT ROIG, 2
25154|LLEIDA|06|012||A|A L|C.E.I.P- SANT JOSEP DE CALASANZ|CARRER PAU CLARIS, 5
25154|LLEIDA|06|012||B|M Z|C.E.I.P- SANT JOSEP DE CALASANZ|CARRER PAU CLARIS, 5
25155|LLEIDA|06|013||U|A Z|SERVEI CATALA DE LA SALUT|AVGDA ALCALDE ROVIRA ROURE, 2
25129|LLEIDA|06|014||A|A K|CENTRE CIVIC DE BALAFIA|CARRER TERRASSA, 1
25129|LLEIDA|06|014||B|L Z|CENTRE CIVIC DE BALAFIA|CARRER TERRASSA, 1
25157|LLEIDA|06|016||U|A Z|FACULTAT DE MEDICINA|CARRER MONTSERRAT ROIG, 2
25156|LLEIDA|06|017||A|A K|C.E.I.P- BALAFIA|CARRER VALLS D'ANDORRA, 20
25156|LLEIDA|06|017||B|L Z|C.E.I.P- BALAFIA|CARRER VALLS D'ANDORRA, 20
25158|LLEIDA|07|001||A|A F|C.E.I.P- ENRIC FARRENY|CARRER BARBASTRO, 2
25158|LLEIDA|07|001||B|G O|C.E.I.P- ENRIC FARRENY|CARRER BARBASTRO, 2
25158|LLEIDA|07|001||C|P Z|C.E.I.P- ENRIC FARRENY|CARRER BARBASTRO, 2
25159|LLEIDA|07|002||U|A Z|PAVELLO MUNICIPAL DE LA BORDETA|TRSSI SANT JORDI, 1
25158|LLEIDA|07|003||A|A K|C.E.I.P- ENRIC FARRENY|CARRER BARBASTRO, 2
25158|LLEIDA|07|003||B|L Z|C.E.I.P- ENRIC FARRENY|CARRER BARBASTRO, 2
25160|LLEIDA|07|004||A|A K|LOCAL SOCIAL MAGRANERS|PLAÇA JOAN XXIII, 1
25160|LLEIDA|07|004||B|L Z|LOCAL SOCIAL MAGRANERS|PLAÇA JOAN XXIII, 1
25159|LLEIDA|07|005||A|A K|PAVELLO MUNICIPAL DE LA BORDETA|TRSSI SANT JORDI, 1
25159|LLEIDA|07|005||B|L Z|PAVELLO MUNICIPAL DE LA BORDETA|TRSSI SANT JORDI, 1
25159|LLEIDA|07|006||A|A L|PAVELLO MUNICIPAL DE LA BORDETA|TRSSI SANT JORDI, 1
25159|LLEIDA|07|006||B|M Z|PAVELLO MUNICIPAL DE LA BORDETA|TRSSI SANT JORDI, 1
25159|LLEIDA|07|007||A|A K|PAVELLO MUNICIPAL DE LA BORDETA|TRSSI SANT JORDI, 1
25159|LLEIDA|07|007||B|L Z|PAVELLO MUNICIPAL DE LA BORDETA|TRSSI SANT JORDI, 1
25161|LLEIDA|08|001|01|A|A Z|C.E.I.P- ANTONI BERGOS (COSTAT ESGLESIA)|PTDA BUTSENIT, 43 -BUTSENIT-
25162|LLEIDA|08|001|02|B|A Z|LOCAL SOCIAL DEL CAMI DE LA MARIOLA|PTDA MALGOVERN, 1 -LES TORRES DE SANUI-
25163|LLEIDA|08|002|01|A|A K|ESCOLA TECNICA SUPERIOR ENGINYER.AGRARIA|AVGDA ALCALDE ROVIRA ROURE, 191
25163|LLEIDA|08|002|01|B|L Z|ESCOLA TECNICA SUPERIOR ENGINYER.AGRARIA|AVGDA ALCALDE ROVIRA ROURE, 191
25164|LLEIDA|08|002|02|C|A Z|COL·LEGI MATER SALVATORIS|PTDA PLA DE MONSO, 30 -LES BASSES D'ALPICAT-
25157|LLEIDA|08|002|03|D|A Z|FACULTAT DE MEDICINA|CARRER MONTSERRAT ROIG, 2
25165|LLEIDA|08|003|01|A|A Z|CASA SOCIAL|CARRER MAJOR - RAIMAT, 1 -RAIMAT-
25166|LLEIDA|08|003|02|B|A Z|C.E.I.P- EL VILOT|CARRER SUQUETS - SUCHS, 20 -SUCHS-
25163|LLEIDA|09|001|01|A|A Z|ESCOLA TECNICA SUPERIOR ENGINYER.AGRARIA|AVGDA ALCALDE ROVIRA ROURE, 191
25167|LLEIDA|09|001|02|B|A Z|LOCAL SOCIAL DE MONTCADA|PTDA CUNILLAS, 16 -GUALDA-
25168|LLEIDA|09|002|01|A|A Z|SALA MUNICIPAL POLIVALENT "EL CASINET"|CARRER GRAN - LLIVIA, 58 -LLIVIA-
25134|LLEIDA|09|002|02|B|A Z|C.E.I.P- TERRES DE PONENT|AVGDA SANT PERE, 54
25169|LES|01|001||U|A Z|COLEGIO PUBLICO DE LES ALEJANDRO CASONA|CARRER DES BANHS, S/N
25170|LINYOLA|01|001||U|A Z|CEIP EL SITJAR DE LINYOLA|RONDA PAU CASALS, 6
25170|LINYOLA|01|002||A|A L|CEIP EL SITJAR DE LINYOLA|RONDA PAU CASALS, 6
25170|LINYOLA|01|002||B|M Z|CEIP EL SITJAR DE LINYOLA|RONDA PAU CASALS, 6
25171|LLADORRE|01|001||U|A Z|SALA D'ACTES|CARRER UNIC, S/N
25172|LLADURS|01|001||U|A Z|SALA DE SESSIONS DE L'AJUNTAMENT|CTRA SOLSONA-SANT LLORENÇ, S/N
25173|LLARDECANS|01|001||U|A Z|LLAR DE JUBILATS|PLAÇA DELS ARBRES, 3
25174|LLAVORSI|01|001||U|A Z|SALA D'ACTES DE LA CASA CONSISTORIAL|CTRA DE LA VALL D'ARAN, 55
25175|LLES DE CERDANYA|01|001||U|A Z|COL·LEGI PUBLIC DE LLES|PLAÇA MAJOR, 1
25176|LLIMIANA|01|001||U|A Z|AJUNTAMENT|PLAÇA MAJOR, 1
25177|LLOBERA|01|001||U|A Z|LOCAL SOCIAL|LOCAL SOCIAL, S/N -PERACAMPS-
25178|MAIALS|01|001||U|A Z|ESCOLA PUBLICA CEIP OTOGESA DE MAIALS|PLAÇA ELISEO SALES, S/N
25179|MALDA|01|001||U|A Z|LLAR DE JUBILATS-EDIFICI AJUNTAMENT|PLAÇA HOMENATGE A LA VELLESA, 1
25180|MASSALCOREIG|01|001||U|A Z|EDIFICI AJUNTAMENT|PLAÇA ESGLESIA, S/N
25181|MASSOTERES|01|001||U|A Z|CENTRE SOCIAL DE MASSOTERES|CARRER FONT, 1
25182|MENARGUENS|01|001||U|A Z|ESCOLA PUBLICA "JOAN ROS PORTA"|PLAÇA EMPIT DEL VALL, 10
25183|MIRALCAMP|01|001||A|A L|ESCOLA PUBLICA "SANT MIQUEL"|C/ ESCOLES, S/N
25183|MIRALCAMP|01|001||B|M Z|ESCOLA PUBLICA "SANT MIQUEL"|C/ ESCOLES, S/N
25184|MOLSOSA (LA)|01|001||U|A Z|CENTRE RECREATIU|CASA CONSISTORIAL, S/N
25185|MOLLERUSSA|01|001||A|A K|COL·LEGI DEL CARME|CARRER CRIST REI, 5
25185|MOLLERUSSA|01|001||B|L Z|COL·LEGI DEL CARME|CARRER CRIST REI, 5
25186|MOLLERUSSA|01|002||A|A K|COL·LEGI LA SALLE|CARRER FERRER I BUSQUETS, 17
25186|MOLLERUSSA|01|002||B|L Z|COL·LEGI LA SALLE|CARRER FERRER I BUSQUETS, 17
25186|MOLLERUSSA|01|003||U|A Z|COL·LEGI LA SALLE|CARRER FERRER I BUSQUETS, 17
25187|MOLLERUSSA|01|004||A|A K|EDIFICI GUIU CLARA|CARRER ARBECA, 34
25187|MOLLERUSSA|01|004||B|L Z|EDIFICI GUIU CLARA|CARRER ARBECA, 34
25187|MOLLERUSSA|01|005||A|A K|EDIFICI GUIU CLARA|CARRER ARBECA, 34
25187|MOLLERUSSA|01|005||B|L Z|EDIFICI GUIU CLARA|CARRER ARBECA, 34
25186|MOLLERUSSA|01|006||A|A K|COL·LEGI LA SALLE|CARRER FERRER I BUSQUETS, 17
25186|MOLLERUSSA|01|006||B|L Z|COL·LEGI LA SALLE|CARRER FERRER I BUSQUETS, 17
25188|MONTELLA I MARTINET|01|001||U|A Z|LOCAL JOVE|PLAÇA PERE SARRET, 1 -MARTINET-
25189|MONTFERRER I CASTELLBO|01|001||U|A Z|CASA CONSISTORIAL|PLAÇA LA TROBADA MONTFERRER, S/N -MONTFERRER-
25190|MONTGAI|01|001|01|A|A Z|ESCOLES PUBLIQUES|AV GENERALITAT, 21
25191|MONTGAI|01|001|02|B|A Z|ESCOLES PUBLIQUES|CARRER BUENOS AIRES, S/N -BUTSENIT-
25192|MONTOLIU DE LLEIDA|01|001||U|A Z|SALA DEL BALL|CARRER LA CREU, 21
25193|MONTOLIU DE SEGARRA|01|001||U|A Z|LOCAL SOCIAL|CARRER CALL, 5
25194|MONTORNES DE SEGARRA|01|001||U|A Z|LOCAL SOCIAL DE MONTORNES|CARRER MAJOR, S/N
25195|NALEC|01|001||U|A Z|AJUNTAMENT- CASAL D'AVIS|PLAÇA ESGLESIA, S/N
25196|NAUT ARAN|01|001|01|A|A Z|POLIESPORTIU MUNICIPAL - SALARDU|CTRA BAGERGUE UVAGO, 4 -SALARDU-
25197|NAUT ARAN|01|001|02|B|A Z|EDIFICI AJUNTAMENT, BAIXOS - ARTIES|PLAÇA ORTAU, 1 -ARTIES-
25198|NAVES|01|001||U|A Z|CASA CONSISTORIAL|CASA CONSISTORIAL, S/N
25199|ODEN|01|001||U|A Z|CASA CONSISTORIAL|CTRA DE COLL DE JOU, S/N -CAMBRILS-
25200|OLIANA|01|001||A|A K|AJUNTAMENT|PLAÇA LA REGUERETA, S/N
25200|OLIANA|01|001||B|L Z|AJUNTAMENT|PLAÇA LA REGUERETA, S/N
25201|OLIOLA|01|001||U|A Z|AJUNTAMENT|PLAÇA ESCOLES, 1
25202|OLIUS|01|001||U|A Z|LA CASA DEL POBLE|PLAÇA DE L'OLIVERA, 1 -EL PI DE SANT JUST-
25203|OLUGES (LES)|01|001||U|A Z|CASA CONSISTORIAL|CARRER DEL CASTELL, 2
25204|OMELLONS (ELS)|01|001||U|A Z|LOCAL SOCIAL DELS OMELLONS - BAIXOS|PLAÇA MAJOR, 13
25205|OMELLS DE NA GAIA (ELS)|01|001||U|A Z|ESCOLA PUBLICA|PLAÇA MAJOR, 1
25206|ORGANYA|01|001||U|A Z|AJUNTAMENT (SALA D'ACTES)|CTRA LLEIDA, 23
25207|OS DE BALAGUER|01|001|01|A|A Z|AJUNTAMENT D'OS DE BALAGUER|CARRER LA SEDA, 26
25208|OS DE BALAGUER|01|001|02|B|A Z|EMD DE GERB|PLAÇA MAJOR - GERB, 2 -GERB-
25209|OSSO DE SIO|01|001||U|A Z|LOCAL SOCIAL D'OSSO DE SIO|PLAÇA MAJOR OSSO DE SIO, S/N
25210|PALAU D'ANGLESOLA (EL)|01|001||A|A L|COL·LEGI PUBLIC ARNAU BERENGUER|PLAÇA GENERALITAT, S/N
25210|PALAU D'ANGLESOLA (EL)|01|001||B|M Z|COL·LEGI PUBLIC ARNAU BERENGUER|PLAÇA GENERALITAT, S/N
25211|PENELLES|01|001||U|A Z|SALA LO XARAGALL|CARRER DE RITA BOLDU, S/N
25212|PERAMOLA|01|001||U|A Z|AJUNTAMENT|CARRER FEDERICO RIBO, 8
25213|PINELL DE SOLSONES|01|001||U|A Z|CASA CONSISTORIAL|AJUNTAMENT NOU, S/N -SANT CLIMENÇ-
25214|PINOS|01|001||U|A Z|AJUNTAMENT|CASA CONSISTORIAL, S/N
25215|PLANS DE SIO|01|001||U|A Z|COL·LEGI PUBLIC DE LES PALLARGUES|CARRER ESTUDIS, S/N -LES PALLARGUES-
25216|POAL (EL)|01|001||U|A Z|ESCOLA PUBLICA "EL ROSER" AULA CICLE SU.|PLAÇA CATALUNYA, 1
25217|POBLA DE CERVOLES (LA)|01|001||U|A Z|AJUNTAMENT|PLAÇA SANT MIQUEL, 9
25218|POBLA DE SEGUR (LA)|01|001||A|A L|COMU DE PARTICULARS|CARRER LA FONT, 17
25218|POBLA DE SEGUR (LA)|01|001||B|M Z|COMU DE PARTICULARS|CARRER LA FONT, 17
25219|POBLA DE SEGUR (LA)|01|002||A|A K|TORRE MAURI|AV VERDAGUER, 35
25219|POBLA DE SEGUR (LA)|01|002||B|L Z|TORRE MAURI|AV VERDAGUER, 35
25220|PONT DE BAR (EL)|01|001||U|A Z|AJUNTAMENT|PLAÇA MAJOR, 1
25221|PONT DE SUERT (EL)|01|001||A|A K|EDIFICI NOVA CONFRARIA DE SANT SEBASTIA|AV DE VICTORIANO MUÑOZ, 22
25221|PONT DE SUERT (EL)|01|001||B|L Z|EDIFICI NOVA CONFRARIA DE SANT SEBASTIA|AV DE VICTORIANO MUÑOZ, 22
25221|PONT DE SUERT (EL)|01|002||U|A Z|EDIFICI NOVA CONFRARIA DE SANT SEBASTIA|AV DE VICTORIANO MUÑOZ, 22
25222|PONTS|01|001||U|A Z|"LA SALA"|CARRER SANT CRISTOFOL, 12
25222|PONTS|01|002||A|A L|"LA SALA"|CARRER SANT CRISTOFOL, 12
25222|PONTS|01|002||B|M Z|"LA SALA"|CARRER SANT CRISTOFOL, 12
25223|PORTELLA (LA)|01|001||U|A Z|AJUNTAMENT (BAIXOS)|PLAÇA CREU, 1
25224|PRATS I SANSOR|01|001||U|A Z|LOCAL SOCIAL AJUNTAMENT|PLAÇA DE LA FONT, S/N -PRATS-
25225|PREIXANA|01|001||U|A Z|CASAL SOCIAL D'AVIS|PLAÇA CATALUNYA, 5
25226|PREIXENS|01|001||U|A Z|ESCOLES PUBLIQUES DE PREIXENS|TRSSI SANT JOAN, S/N
25227|PRULLANS|01|001||U|A Z|AJUNTAMENT - ESCOLA|CARRER PUIG, S/N
25228|PUIGGROS|01|001||U|A Z|CASAL CULTURAL|CARRER NOU, S/N
25229|PUIGVERD D'AGRAMUNT|01|001||U|A Z|CONSULTORI MEDIC|CARRER CENDRA, 5
25230|PUIGVERD DE LLEIDA|01|001||A|A L|ESCOLA SANT JORDI|CARRER LLEIDA, 65
25230|PUIGVERD DE LLEIDA|01|001||B|M Z|ESCOLA SANT JORDI|CARRER LLEIDA, 65
25231|RIALP|01|001||U|A Z|AJUNTAMENT - SALA DE PLENS, PLANTA 1ª|PLAÇA DEL TORNALL, 1
25232|RIBERA D'ONDARA|01|001||U|A Z|AJUNTAMENT|CARRER RAVAL DEL PONT, 6 -SANT ANTOLI I VILANOVA-
25233|RIBERA D'URGELLET|01|001||U|A Z|CASA CONSISTORIAL|CTRA LLEIDA, S/N -EL PLA DE SANT TIRS-
25234|RINER|01|001||U|A Z|CASA GRAN DEL MIRACLE|CASA GRAN, S/N -EL MIRACLE-
25235|RIU DE CERDANYA|01|001||U|A Z|SALA SOCIAL DE L'AJUNTAMENT|PLAÇA DE L'AJUNTAMENT, 1
25236|ROSSELLO|01|001||A|A F|EDIFICI AJUNTAMENT DE ROSSELLO|AVGDA CATALUNYA, 2
25236|ROSSELLO|01|001||B|G O|EDIFICI AJUNTAMENT DE ROSSELLO|AVGDA CATALUNYA, 2
25236|ROSSELLO|01|001||C|P Z|EDIFICI AJUNTAMENT DE ROSSELLO|AVGDA CATALUNYA, 2
25237|SALAS DE PALLARS|01|001||U|A Z|EDIFICI "LO CASAL"|CARRER BON JESUS, 5
25238|SANAUJA|01|001||U|A Z|ESCOLA PUBLICA|PG RONDA, S/N
25239|SANT ESTEVE DE LA SARGA|01|001||U|A Z|CASA CONSISTORIAL|CASA CONSISTORIAL, S/N
25240|SANT GUIM DE FREIXENET|01|001||U|A Z|COL·LEGI PUBLIC L'ESTEL (MENJADOR)|PLAÇA DE LA SEGARRA, S/N
25241|SANT GUIM DE LA PLANA|01|001||U|A Z|BAIXOS DE L'AJUNTAMENT DE SANT GUIM|CTRA GUISSONA, 1
25242|SANT LLORENÇ DE MORUNYS|01|001||U|A Z|AJUNTAMENT DE SANT LLORENÇ DE MORUNYS|CARRER DE JOSEP CIRERA, 1
25243|SANT MARTI DE RIUCORB|01|001||U|A Z|OFICINES DE L'AJUNTAMENT|PLAÇA MAJOR, S/N -SANT MARTI DE MALDA-
25244|SANT RAMON|01|001||U|A Z|LOCAL POLIVALENT|AV DE LA FONT, 1
25245|SARROCA DE BELLERA|01|001||U|A Z|AJUNTAMENT DE SARROCA|CARRER UNIC, S/N
25246|SARROCA DE LLEIDA|01|001||U|A Z|CASA CONSISTORIAL - SALA D'ACTES|CARRER MONSENYOR VILAPLANA, 30
25247|SENTERADA|01|001||U|A Z|AJUNTAMENT|PLAÇA L'AJUNTAMENT, S/N
25248|SENTIU DE SIÓ (LA)|01|001||U|A Z|AULA DEL COL·LEGI PUBLIC|CARRER LES ESCOLES, 4
25249|SEROS|01|001||U|A Z|I.E.SDE SEROS|PLAÇA DE LES ESCOLES, 1
25249|SEROS|01|002||U|A Z|I.E.SDE SEROS|PLAÇA DE LES ESCOLES, 1
25250|SEU D'URGELL (LA)|01|001||U|A Z|CENTRE CIVIC EL PASSEIG|CARRER LLUIS DE SABATER, 4
25251|SEU D'URGELL (LA)|01|002||A|A L|SALA CULTURAL SANT DOMENEC|CARRER SANT DOMENEC, 2
25251|SEU D'URGELL (LA)|01|002||B|M Z|SALA CULTURAL SANT DOMENEC|CARRER SANT DOMENEC, 2
25251|SEU D'URGELL (LA)|01|003||A|A K|SALA CULTURAL SANT DOMENEC|CARRER SANT DOMENEC, 2
25251|SEU D'URGELL (LA)|01|003||B|L Z|SALA CULTURAL SANT DOMENEC|CARRER SANT DOMENEC, 2
25252|SEU D'URGELL (LA)|01|004||A|A L|BAIXOS CENTRE CULTURAL LES MONGES|PLAÇA MONGES, 2
25252|SEU D'URGELL (LA)|01|004||B|M Z|BAIXOS CENTRE CULTURAL LES MONGES|PLAÇA MONGES, 2
25253|SEU D'URGELL (LA)|01|005||A|A K|COL·LEGI LA SALLE|CARRER SANT JOAN BAPTISTA DE LA SALLE, 51
25253|SEU D'URGELL (LA)|01|005||B|L Z|COL·LEGI LA SALLE|CARRER SANT JOAN BAPTISTA DE LA SALLE, 51
25254|SEU D'URGELL (LA)|01|006|01|A|A Z|CENTRE CIVIC DE L'ESCORXADOR|CAMI PALANCA, 33
25255|SEU D'URGELL (LA)|01|006|02|B|A Z|LOCAL SOCIAL DE CASTELLCIUTAT|PLCET AJUNTAMENT, 4 -CASTELLCIUTAT-
25256|SEU D'URGELL (LA)|01|007||A|A K|ARXIU COMARCAL|CARRER SANT ERMENGOL, 71
25256|SEU D'URGELL (LA)|01|007||B|L Z|ARXIU COMARCAL|CARRER SANT ERMENGOL, 71
25257|SIDAMON|01|001||U|A Z|L'ESCOLA PUBLICA|CARRER CARRETERA, 21
25258|SOLERAS (EL)|01|001||U|A Z|EDIFICI AJUNTAMENT|CTRA BELLPUIG, 23
25259|SOLSONA|01|001||A|A L|SALA POLIVALENT|CARRER GAUDI, 2
25259|SOLSONA|01|001||B|M Z|SALA POLIVALENT|CARRER GAUDI, 2
25259|SOLSONA|01|002||A|A K|SALA POLIVALENT|CARRER GAUDI, 2
25259|SOLSONA|01|002||B|L Z|SALA POLIVALENT|CARRER GAUDI, 2
25259|SOLSONA|01|003||U|A Z|SALA POLIVALENT|CARRER GAUDI, 2
25259|SOLSONA|02|001||A|A K|SALA POLIVALENT|CARRER GAUDI, 2
25259|SOLSONA|02|001||B|L Z|SALA POLIVALENT|CARRER GAUDI, 2
25259|SOLSONA|02|002||A|A L|SALA POLIVALENT|CARRER GAUDI, 2
25259|SOLSONA|02|002||B|M Z|SALA POLIVALENT|CARRER GAUDI, 2
25260|SORIGUERA|01|001||U|A Z|CASA CONSISTORIAL - BAIXOS|PLAÇA MARE DE DEU DE MEDINA, S/N -VILAMUR-
25261|SORT|01|001||A|A K|LOCAL DEL CASAL DE GENT GRAN|CARRER DRCARLES POL I ALEU, 8
25261|SORT|01|001||B|L Z|LOCAL DEL CASAL DE GENT GRAN|CARRER DRCARLES POL I ALEU, 8
25262|SOSES|01|001||U|A Z|CENTRE CIVIC|PLAÇA AJUNTAMENT, 4
25263|SUDANELL|01|001||U|A Z|SALA D'ACTES DE L'AJUNTAMENT|PLAÇA AJUNTAMENT, 4
25264|SUNYER|01|001||U|A Z|CASA DE LA VILA|AV DE LES GARRIGUES, S/N
25265|TALARN|01|001||U|A Z|AJUNTAMENT - BAIXOS|CARRER PAU COLL, 3
25266|TALAVERA|01|001||U|A Z|CONSULTORIO MEDICO|CARRER COSTA, S/N
25267|TARREGA|01|001||A|A K|AJUNTAMENT|PL MAJOR, 1
25267|TARREGA|01|001||B|L Z|AJUNTAMENT|PL MAJOR, 1
25268|TARREGA|01|002||U|A Z|MUSEU COMARCAL DE L'URGELL|C/ MAJOR, 11
25269|TARREGA|02|001||A|A K|INSTITUT BATXMANUEL DE PEDROLO|AV TARRAGONA, 2
25269|TARREGA|02|001||B|L Z|INSTITUT BATXMANUEL DE PEDROLO|AV TARRAGONA, 2
25270|TARREGA|02|002||A|A K|COL·LEGI PUBLIC JACINT VERDAGUER|C/ RAMON I CAJAL, 10
25270|TARREGA|02|002||B|L Z|COL·LEGI PUBLIC JACINT VERDAGUER|C/ RAMON I CAJAL, 10
25271|TARREGA|02|003||A|A K|COL·LEGI SANT JOSEP|C/ MARE VEDRUNA, S/N
25271|TARREGA|02|003||B|L Z|COL·LEGI SANT JOSEP|C/ MARE VEDRUNA, S/N
25272|TARREGA|03|001||A|A L|COL·LEGI PUBLIC ANGEL GUIMERA|C/ ARQUITECTE FLORENSA, 24
25272|TARREGA|03|001||B|M Z|COL·LEGI PUBLIC ANGEL GUIMERA|C/ ARQUITECTE FLORENSA, 24
25273|TARREGA|03|002||U|A Z|ESCOLA ANGLO-FRANCESA|C/ RAMON CARNICER, 1
25274|TARREGA|03|003||A|A L|ESCOLA ALBA|PG SIMO CANET, S/N
25274|TARREGA|03|003||B|M Z|ESCOLA ALBA|PG SIMO CANET, S/N
25275|TARREGA|04|001||U|A Z|ESCOLA PIA|PL PARE CARLES PERELLO, 1
25276|TARREGA|04|002||A|A L|CENTRE D'ENTITATS|C/ SEGLE XX, 2
25276|TARREGA|04|002||B|M Z|CENTRE D'ENTITATS|C/ SEGLE XX, 2
25277|TARRES|01|001||U|A Z|CASA DE LA VILA|CARRER MONTSERRAT, 17
25278|TARROJA DE SEGARRA|01|001||U|A Z|CASA CONSISTORIAL|CTRA GUISSONA A CERVERA, S/N
25279|TERMENS|01|001||A|A L|EDIFICI AJUNTAMENT|PLAÇA CATALUNYA, 1
25279|TERMENS|01|001||B|M Z|EDIFICI AJUNTAMENT|PLAÇA CATALUNYA, 1
25280|TIRVIA|01|001||U|A Z|EDIFICI ESCOLA|CARRER ESCOLES, S/N
25281|TIURANA|01|001||U|A Z|AJUNTAMENT TIURANA-SOLES|AJUNTAMENT TIURANA-SOLES, S/N
25282|TORA|01|001||U|A Z|COL·LEGI PUBLIC SANT GIL|CARRER ERES, 16
25283|TORMS (ELS)|01|001||U|A Z|EDIFICI DE L'AJUNTAMENT|PLAÇA MAJOR, 4
25284|TORNABOUS|01|001||U|A Z|SALA SALVADOR SEGUI|PLAÇA LA VILA, 1
25285|TORRE DE CABDELLA|01|001||U|A Z|AJUNTAMENT DE TORRE DE CAPDELLA|PLAÇA DE L'AJUNTAMENT, 1 -LA TORRE DE CAPDELLA-
25286|TORRE-SERONA|01|001||U|A Z|CASA CONSISTORIAL|CARRER MAJOR, 29
25287|TORREBESSES|01|001||U|A Z|AJUNTAMENT DE TORREBESSES|CARRER PORTAL, 3
25288|TORREFARRERA|01|001||A|A L|CASA CONSISTORIAL|CARRER MAJOR, 35
25288|TORREFARRERA|01|001||B|M Z|CASA CONSISTORIAL|CARRER MAJOR, 35
25288|TORREFARRERA|01|002||A|A K|CASA CONSISTORIAL|CARRER MAJOR, 35
25288|TORREFARRERA|01|002||B|L Z|CASA CONSISTORIAL|CARRER MAJOR, 35
25289|TORREFETA I FLOREJACS|01|001||U|A Z|CASA CONSISTORIAL|CARRER CARRETERA, S/N -TORREFETA-
25290|TORREGROSSA|01|001||A|A L|REGIDORIA DE CULTURA I ESPORTS|PLAÇA CANALEJAS, 1
25291|TORREGROSSA|01|001||B|M Z|AJUNTAMENT (SALA DE PLENS)|PLAÇA CANALEJAS, 1
25292|TORRELAMEU|01|001||U|A Z|CENTRE CIVIC|CARRER DE BALAGUER, 3
25293|TORRES DE SEGRE|01|001||A|A K|AJUNTAMENT - BAIXOS|PLAÇA ESGLESIA, 1
25293|TORRES DE SEGRE|01|001||B|L Z|AJUNTAMENT - BAIXOS|PLAÇA ESGLESIA, 1
25294|TREMP|01|001||U|A Z|CEIP VALLDEFLORS|CARRER TARRAGONA, 37
25294|TREMP|01|002||U|A Z|CEIP VALLDEFLORS|CARRER TARRAGONA, 37
25294|TREMP|02|001||A|A K|CEIP VALLDEFLORS|CARRER TARRAGONA, 37
25294|TREMP|02|001||B|L Z|CEIP VALLDEFLORS|CARRER TARRAGONA, 37
25294|TREMP|02|002||A|A K|CEIP VALLDEFLORS|CARRER TARRAGONA, 37
25294|TREMP|02|002||B|L Z|CEIP VALLDEFLORS|CARRER TARRAGONA, 37
25294|TREMP|03|001||U|A Z|CEIP VALLDEFLORS|CARRER TARRAGONA, 37
25295|VALL DE BOI (LA)|01|001||U|A Z|AJUNTAMENT DE LA VALL DE BOI|PG SANT FELIU, 43 -BARRUERA-
25296|VALL DE CARDOS|01|001||U|A Z|BAIXOS AJUNTAMENT|CAMI COMUNIDOR, S/N -RIBERA DE CARDOS-
25297|VALLBONA DE LES MONGES|01|001||U|A Z|SALA D'ACTES DE CASA LA VILA|CARRER PRAT DE LA RIBA, 3
25298|VALLFOGONA DE BALAGUER|01|001|01|A|A Z|SALA D'ACTES AJUNTAMENT|CARRER MAJOR, 29
25299|VALLFOGONA DE BALAGUER|01|001|02|B|A Z|LOCAL SOCIAL-VESTIDORS|CARRER JOAQUIM LLUCH ROVIRA, 1 B -LA RAPITA-
25300|VALLFOGONA DE BALAGUER|01|001|03|C|A Z|LOCAL SOCIAL DE L'HOSTAL NOU I LA CODOSA|CARRER FRANCESC MACIA, 1 -L'HOSTAL NOU I LA CODOSA-
25301|VALLS D'AGUILAR (LES)|01|001||U|A Z|CENTRE CIVIC CAL PERE|CARRER DIPUTACIO, 83 -NOVES DE SEGRE-
25302|VALLS DE VALIRA (LES)|01|001||U|A Z|CASA CONSISTORIAL|CARRER PLAÇA, S/N -ANSERALL-
25303|VANSA I FORNOLS|01|001||U|A Z|CASA CONSISTORIAL|CARRER UNIC, S/N -SORRIBES-
25304|VERDU|01|001||U|A Z|AJUNTAMENT DE VERDU|PLAÇA MAJOR, 1
25305|VIELHA E MIJARAN|01|001||A|A K|ESCOLA PUBLICA "GARONA"|CTRA DETH TUNEL, 4 -VIELHA-
25305|VIELHA E MIJARAN|01|001||B|L Z|ESCOLA PUBLICA "GARONA"|CTRA DETH TUNEL, 4 -VIELHA-
25306|VIELHA E MIJARAN|01|002|01|A|A Z|LOCAL SOCIAL DE AUBERT|PLAÇA MAJOR, 1 -AUBERT-
25307|VIELHA E MIJARAN|01|002|02|B|A Z|COL·LEGI PUBLIC "METDIA"|CARRER SANT SEBASTIA, 37 -ESCUNHAU-
25308|VIELHA E MIJARAN|01|002|03|C|A Z|COL·LEGI PUBLIC "BARICAUBA"|CARRER MAJOR, 1 -GAUSAC-
25309|VIELHA E MIJARAN|01|003||A|A L|CASAU DETH JUBILAT|AV PAS D'ARRO, 20 -VIELHA-
25309|VIELHA E MIJARAN|01|003||B|M Z|CASAU DETH JUBILAT|AV PAS D'ARRO, 20 -VIELHA-
25310|VILA-SANA|01|001||U|A Z|BAIXOS CASA CONSISTORIAL|PLAÇA MAJOR, 4
25311|VILAGRASSA|01|001||U|A Z|CASA DE LA VILA|CARRER RAMON PERELLO, 1
25312|VILALLER|01|001||U|A Z|CASA CONSISTORIAL - SALO DE SESSIONS|CARRER SANT CLIMENT, 3
25313|VILAMOS|01|001||U|A Z|AJUNTAMENT|PLAÇA MAJOR, 4
25314|VILANOVA DE BELLPUIG|01|001||U|A Z|SALA DE JOVENT DE L'AJUNTAMENT|CARRER DR GASSOL, 1
25315|VILANOVA DE L'AGUDA|01|001||U|A Z|CASA CONSISTORIAL|CARRER MAJOR, 30
25316|VILANOVA DE LA BARCA|01|001||U|A Z|SALA SOCIOCULTURAL DE L'AJUNTAMENT|PLAÇA MAJOR, 4
25317|VILANOVA DE MEIA|01|001||U|A Z|SALA D'ACTES DE L'AJUNTAMENT|CARRER LA FONT, 13
25318|VILANOVA DE SEGRIA|01|001||U|A Z|AJUNTAMENT - SALA SOCIAL|CARRER MAJOR, S/N
25319|VILOSELL (EL)|01|001||U|A Z|LOCAL POLIVALENT|CARRER CARRETERA, 10
25320|VINAIXA|01|001||U|A Z|VESTIBUL PRINCIPAL DE L'AJUNTAMENT|CTRA LLEIDA, 1
